{"cameraMode":{"drawMode":0,"name":"Shaded","section":"Shading Mode"},"sceneLighting":false,"audioPlay":false,"sceneViewState":{"showFog":true,"showMaterialUpdate":true,"showSkybox":false,"showFlares":true,"showImageEffects":true,"showParticleSystems":true},"in2DMode":false,"pivot":{"x":-3.272491931915283,"y":1.2280054092407227,"z":26.911563873291017},"rotation":{"x":-0.2829669117927551,"y":-0.6871593594551086,"z":0.33602041006088259,"w":-0.5786590576171875},"size":4.2866692543029789,"orthographic":false}