{"cameraMode":{"drawMode":0,"name":"Shaded","section":"Shading Mode"},"sceneLighting":true,"audioPlay":false,"sceneViewState":{"showFog":true,"showMaterialUpdate":true,"showSkybox":true,"showFlares":true,"showImageEffects":true,"showParticleSystems":true},"in2DMode":false,"pivot":{"x":24.0,"y":16.772998809814454,"z":14.319195747375489},"rotation":{"x":0.02457418106496334,"y":0.7777849435806274,"z":-0.03144678846001625,"w":0.627642810344696},"size":164.79342651367188,"orthographic":false}