{"cameraMode":{"drawMode":0,"name":"Shaded","section":"Shading Mode"},"sceneLighting":false,"audioPlay":false,"sceneViewState":{"showFog":true,"showMaterialUpdate":true,"showSkybox":false,"showFlares":true,"showImageEffects":true,"showParticleSystems":true},"in2DMode":false,"pivot":{"x":-0.0000016027316860345309,"y":1.9461783170700074,"z":-0.03208144009113312},"rotation":{"x":-0.006845252588391304,"y":-0.8094937205314636,"z":0.009128665551543236,"w":-0.5873314738273621},"size":1.5073950290679932,"orthographic":false}