{"cameraMode":{"drawMode":0,"name":"Shaded","section":"Shading Mode"},"sceneLighting":true,"audioPlay":false,"sceneViewState":{"showFog":true,"showMaterialUpdate":true,"showSkybox":true,"showFlares":true,"showImageEffects":true,"showParticleSystems":true},"in2DMode":false,"pivot":{"x":9.256999969482422,"y":2.4412741661071779,"z":-46.71879577636719},"rotation":{"x":-0.01928754895925522,"y":-0.9787696599960327,"z":0.10547122359275818,"w":-0.17571474611759187},"size":2.171560049057007,"orthographic":false}