{"cameraMode":{"drawMode":0,"name":"Shaded","section":"Shading Mode"},"sceneLighting":true,"audioPlay":false,"sceneViewState":{"showFog":true,"showMaterialUpdate":true,"showSkybox":true,"showFlares":true,"showImageEffects":true,"showParticleSystems":true},"in2DMode":false,"pivot":{"x":-2.077526807785034,"y":4.273049831390381,"z":-0.8053174614906311},"rotation":{"x":-0.10268779844045639,"y":0.6425682902336121,"z":-0.08748312294483185,"w":-0.7542781829833984},"size":5.368400573730469,"orthographic":false}