{"cameraMode":{"drawMode":0,"name":"Shaded","section":"Shading Mode"},"sceneLighting":false,"audioPlay":false,"sceneViewState":{"showFog":true,"showMaterialUpdate":true,"showSkybox":false,"showFlares":true,"showImageEffects":true,"showParticleSystems":true},"in2DMode":false,"pivot":{"x":9.75,"y":-1.0310815572738648,"z":21.895187377929689},"rotation":{"x":-0.40391942858695986,"y":0.010442787781357766,"z":-0.00460102129727602,"w":-0.9147582054138184},"size":4.7978434562683109,"orthographic":false}